{
	"partitions" : [
		{
			"name" : "Top",
			"pins" : [
				{
					"name" : "dac_data[0]",
					"strict" : false
				},
				{
					"name" : "dac_data[1]",
					"strict" : false
				},
				{
					"name" : "dac_data[2]",
					"strict" : false
				},
				{
					"name" : "dac_data[3]",
					"strict" : false
				},
				{
					"name" : "dac_data[4]",
					"strict" : false
				},
				{
					"name" : "dac_data[5]",
					"strict" : false
				},
				{
					"name" : "dac_data[6]",
					"strict" : false
				},
				{
					"name" : "dac_data[7]",
					"strict" : false
				},
				{
					"name" : "sys_clk",
					"strict" : false
				},
				{
					"name" : "wave_sel[0]",
					"strict" : false
				},
				{
					"name" : "wave_sel[1]",
					"strict" : false
				},
				{
					"name" : "wave_sel[2]",
					"strict" : false
				},
				{
					"name" : "wave_sel[3]",
					"strict" : false
				},
				{
					"name" : "rst_n",
					"strict" : false
				}
			]
		}
	]
}